Wallet,Amount
0x70997970C51812dc3A010C7d01b50e0d17dc79C8,241.9
0xAf4a410a51f709F4ba50a5b8B27DC240566a8F42,10182.3
0x68fb21B5b1a8f0cBF60b35E00667311C1Ae22D50,46642.6
0x986937e3107Dd5F598FF4F2A98BE623Cef289900,171250.0
0xb015E3c3d429D590f54DA32aa365147B1f501b65,4810.35
0xFD9f1a572Bfdf7f9F3B22EF2F4e38e0075C035CB,19219.1
0x8486a37e8118b54061f20c1b4fDf9899CB75485b,12215.05
0xf7Df0D926673C6A0eC1908Fd6F6F7192B11a7969,3750.0
0x0BcE4ea94a0020854fa2fFc72fc09EAC98CCb073,105700.85
0x5cF705c39eCfc3D9627c1d9ADeEdcd7C37576075,21144.8
0x385d569c7747a953212a0623F6262279890294Eb,7984.4
0x703f4349419F858e8f91D5Ab2C504e4E11b2ab2c,4984.25
0x994Ace1Ad09E0daB5b473Cb1f3001eaCaCF8b876,8581.5
0x0292aCaE102671C70a466309701d5089041A00c3,5500.0
0x9E500AAF19957B2cdC0abe0B8D94A6AD4e2209aE,3716.6
0xb9B335A2eb2f0D7489B21916B99af09E27e1Ccd7,60331.2
0xaBb6fb89654504874a1565dF34C2F2a82edE8c15,14181.45
0xE0B417a93B451d86D2B63C353055cB36aa10e8db,25001.05
0x80efD5C3018F58b0Abc53FfCA78931e5B9D72Ce1,41663.65
0x699Bc1912439bBa6795e0528900984748Ce63f8a,1210.7
0x9d9d743e0F4857D95cfBD9De3167C23c26e0BC34,1250.0
0xB9C91C170BFf60Be79de57B1fe232634a9D466B2,160000.0
0xBc8495879fC13798C1267C322D77cC481e1287ca,5002.25
0x46c133CCe279Ca5006005358D75028000CfF2C0e,24000.0
0xB6FDa64f671D311aB0420246223146f90DAc3281,11210.9
0xF89aFAa93aa0D834e5937f12383FAEEF41285612,8460.3
0x32cA67952A372bBa8AdD35a4919014935bb14f46,26767.6
0x4eCe45600147f9e9373835bFA561210Be985f382,115077.25
0x3E0e540b65c522aF689ec749Af0472f5FDe1914c,50000.85
0x659066823D23b9AEae2C063Fca98211FC1639fE0,24016.4
0x49126336657C1b61100f7d2e2A66EcDeB10615a1,3622.55
0x894D5E8f6cE008b71a0cBa883662fd721B9a195a,114389.1
0xEDa246E8Dcc9791c46eAB77df9139563D3929b40,86087.8
0x92461F8d06b11FB40aBFBe9c1AdC7014C4d6CE03,8677.15
0x5b033A8ce42Fa0A020429a2BB50a39F3B0A62Db4,41259.15
0x10A1e50EF98f0Cf7f9f764e6f295C3B429aB348c,20951.8
0xcdDf278C8E0e4715653061230FDB5feA23Cf9EfD,20000.0
0x0a7420FA009169Dc50D57AB22d449df0D05a152B,55957.1
0x974f2BfA4Df68a3ACdE38E1b28b8804a865f01A1,26507.3
0xf79AFf6688663377CbC2704Ff41bAE7Dc165Ff82,8162.75
0x3d5F2154a6b363980903a0fd5572Cb08Ea7a0d81,104527.7
0x9a8730309be20A3af7794e612de969c763F4F322,42315.65
0xA213081106333508C5d33212Cf5ff30Dd8B42695,795372.6
0x352F63A02033ebb8F42F0893Dc2baAF739eA3dca,25483.35
0xBb6A2a8507C31c424A0A2256B622f4385BD6f152,19093.9
0xf7C10e969BC3B66478901CBd735c1f77794450fB,24296.95
0x26109bBCBbb6155b150FfEb21F85f640f5AE0849,84901.75
0x4F08B783139198e7606820047DAeB6706DE2F910,45229.45
0x531945A075103016778779DE31f7EC3595613DCD,21857.1
0x13dDce7F550F5E38C8470073f582C1FB16eEa459,198258.5
0x8fFf9657Df45b0eD0dd20D7dac48da12082B4C60,50004.25
0x6F738936c4321057495aF245FEfaB180d9F72A92,3870.6
0x9602af956D1288F98B034B54E560715238136830,33401.1
0xff8B498d741b027f11079919C5716cC04d5498B4,32059.85
0xA44E254dff6F45180b4c94AeC3cc0b02f3126813,25128.8
0x98C3Bf4d71E6c6756d69Ea1Ab117ca814ED123Fe,1239.35
0xF2CDA98Cb83f8a33519FF5d4067d8900cB7d4855,29173.45
0x146C0cd0236BbE2aF7675a1a0dE78152714Fa7c1,9724.35
0x8D10Ae4dEE32B312E009a856266bd7a619d563Dc,23073.3
0x6C8f311F081e2EDdBbd665D13574078C4ceC6D66,3657.25
0x0CC8A7B2F3442B44Ad6C518Ec3A323249E48e89f,75486.3
0xfAf894e2ff8C78D2A3Ced924826781fdBF04D7f4,60650.0
0x7d73C9AA2AaeE76189Ff23cAb1E7B572Cb8b6834,45426.65
0x10910eDAB1494aE5c5a58fc1A73Cb99Ce4b4Cd09,10698.15
0xDF31a4AAd049475aA0472B716A15C64fF7E8961C,5792.85
0x3D0de985C62edb23CcD6536D96be31098fdad41b,2774.25
0x207E095c5547092C1E9AfE3c83ad334434bf1858,126548.55
0x7Ce9005E065c207DC690edF9bf8219838E4311B9,49664.9
0xffCB855071443A7EE975BFFE9EEf09012fc6B99f,5461.65
0xB093F89FE3Eb87Fe89eF6a162b5c623B494A6E88,2482.6
0x9f8A10861C47C07291CBFf9FFCb95D223aeA7ce9,3972.2
0x33EF23C4704a479B6d87A04037Aa268838af8B8f,6221.45
0xde755B95485c9405626a0323105ff89b1eaD1518,143671.5
0x8E731ebc393E4F66277b603eF0bE56026E838659,81952.95
0xcD1a7ba03B241e7a47b0C608558E613Bba2b7359,2500.0
0xcc24d7F485aae74f08bea9093034BB3f29a94CF8,27256.85
0xd2BB5E9AB9E684bb5FC886d463C4eef947bf667a,6185.5
0x2681fC46968aE99D0043d5050f1FFb0033b937a7,20507.9
0x674724D421B3CBe6BDA89724E49213bAD110F61b,1228.3
0x936C383df5124851A19A38E5c5C13aDEC0c65f37,73784.7
0x31790b3dF26ce2FA8BC53A7fc2dbD6c58930997e,54172.05
0x30eb887f40f55aCdE63794b64d96c75b7Cb87fCa,32512.0
0x698b52D393F277F14F0CF2a55CA8dD12dc298f20,12362.3
0xf10d68FA31d8A1F41DDc5Dc5A9D28B86098D04E8,33538.35
0xC8d8EF7fEa98F87BeE435b966F26fF1aD43CB276,166143.9
0x969b7681200eDA6F225303f438fCa274A350C166,64616.35
0xbfD3905aeD0539258cffBA7eD3A1A66b8F9CB21E,40108.9
0xC9DF687ed5be90Ee7D73e05B6e786E15a67Bcf2b,12437.8
0xd2481e62A5286EAFB7B10da9c9A6ea44fA20dCba,512045.0
0xA795cA3D7A1fEA1F9222959A895f7B20cD441856,12435.9
0x3ee270D45409b9FEdF2e356e16A58257Ac9F705E,10180.3
0x16c2b8771648650aA6bDAF4297DDCBB16500D9F2,19819.1
0xd2e2d26Dc6D57048a1c60Bd1f11519a73CCcd82d,13785.05
0x93ee6EF561026A3457f1a4E47370a6b63939B87d,125342.15
0xc53F356926DF7E9172EbA61AE4CD646fDA9A658f,250005.0
0x365Afa0e0e91a78bD8FbE15DeFa78EE53946A80F,22257.75
0x374C1C445328313f8dD319E478fb0Ee229e98825,144987.5
0x3fB7670345Bfa77aFB7189AAaA38b86843d50A32,26129.5
0x8b15cDAe9a213d98e0B3f092a33f41c2AD7c2cAd,3500.0
0x8D7221CE8397E7066d563cC4B8B082F3Cd58e602,98418.25
0x31Fc0477f4830f48bBF4C7527dD9CdD8DA6c7C6c,75042.15
0xa15cd67677491309bedeb939F15A935A176d59F8,65442.75
0x83F0060CFf2061778B7Ea09b3E295d6d6C07B225,13688.15
0x2FB6FD1493a9352629955B6580AC9B4a3e64C253,108126.7
0x4C623A8a5e304E8A84A8971C1306f9A89982b679,5001.15
0xDfAB05b240612Ec8bF387B9c19a1bE76F9CA736f,16365.3
0x592cbd2AE0Ba09EFA9A909dC8EEA935EA5B3303F,4013.15
0xD00D012784B8A847D25B275B01809dFe85e4c5ec,12539.0
0x396372283Cf9531B71a38F4712729e859F3CC4da,12538.4
0xd4fCb919c8BFc1030E02c9c8d8747A413Fd3F15f,78874.8
0x1cC59733A0B8387CB8412a67dD4100792D784F3d,69616.75
0x615de900c09264d8DB784Bd6eeeA32EFDB42e946,20565.5
0xDEB9e6f54CE609DE056587344af1AA946c450968,39960.1
0xBA52C73F5Fec98566a5AC6b6E3a2b9373D227F36,349735.45
0x87fcD683BE2763B788ACEf531AD12F923F8dabdB,12492.15
0x0b939C7d0352e9cbAe541670e5B8d6Fd537BCe7F,36151.2
0x162796141C838b2a8053aE9A44bD66C76682130d,12672.6
0x6025c843F1B8c547AA1c76E1B62Fad8866E0c30c,41146.2
0xa9D0209F76AbDb8305C40560dB22AB6A2Bc23BF4,37376.1
0xd374e83E01340c3596F7e5e8e41e2d801a118aC6,18436.3
0xBbB9a86B5067b80B333b7946d3EA083A55813cA3,14027.15
0x1b5DC42Cb66645AE7026c05A6E098127fc7b05D4,11057.0
0x779F30dcd906018fd43603c4f801975D3ba0651F,18590.4
0xDB51AAdea4390808c18564E1B4787298696B0853,12426.65
0x2eaDe68928f531a840EC37c5669560eF47c06C70,19569.25
0xB9163f5a44E51c2C746b2Ae851E6408251Dc2Ab8,12213.9
0xEf750a119b3dB807b93bb422fDB798dc0785eF8C,50734.0
0xf95b8EF5660E02f7f76a32D2a4F44A1390b17689,171805.95
0xcE739438Cf6d3b7BD0dba78372c677f51976c06d,100178.85
0x0Bc535F9B86DFa5EabEdA0403A206bd062c0b413,81010.95
0x516c63a08A544084ca87a5dB52C8bD9f7c414A6a,6089.5
0x33a2bb8a8457968A2bc0199D3E34A556fF2d0eC5,6250.0
0x24762907937663907AFe94A2FB66Fa907F7A8268,12700.65
0x6086eDE8F012BcBC5F14fdDE7DDa141F366Ba91b,17024.6
0xC79285590C75a7AB71580d99D8a97Dd1259C80eF,19272.05
0x55eB70F527d03b98Aecac99101a5Da2a29BDf7c5,75697.3
0xa6d135336Cb9eD3D7dcaC2078E1a8441985EB148,53892.75
0xBbbf8AaBc363a1106ab81Ec26f6E2d09457462D4,248201.7
0x2A1b52677eA8e2d1DAD5969DdaF0B8d452d60356,40250.85
0xA436db72F93102e3dde96375865f8D310F515407,13854.5
0x1D4113934673FE61Dc22fCf4C5D43974e9Ece4FF,22510.3
0x2f2cbc2bD56bc309B4c6789b14E63E037BE059d7,52871.75
0x9B59c28F8e3199E515B43D89F3aD4D2174839020,30503.85
0x0910dBf6d5C11e6a5f57a4EB2e9E3f0d048BE3D7,29934.25
0xE53122AEDF6f716A8A88c437B23b0c84a74655EB,51346.25
0xC2BE6976c3B1fC6B22c0C441669314ec7177be91,61126.8
0x47320288399C15a87419c135283B834D903137bd,44013.45
0xC77795DD3e534792A9e6Bb190FC98788eE786f5F,505887.05
0xd7b2587ac2acFbc566b3Fff95cA44E9467C0efa8,9069.55
0x10E1DB0170AA5179C7CC4E7c1838397c60e0999D,38201.3
0x7165d71dAa98b62C3F9782F96e48c04c5ECbD721,224797.8
0x21136d2835F53c3301BC0B15079980ee0AB79eD1,6068.3
0xCC7751AF812Ca673B8d4f4D48293e215F8a9A4Fe,10229.2
0xDB79fE6884c41E1b7a4f7301512fe041886e3aDB,26911.8
0x453b96462adfe598FEdA8E09FAF24702f25A8B7C,30080.4
0x87F1C8263291e081CB5A36ec4CBA1ebbF18c8eDC,12229.9
0xb7B9602494bC6b909abCC173f568B061abA458cF,41110.6
0xc1Ced33e1350e7eB8f5330879E1d5A7e5C5a41BF,527243.15
0x6B85F0D0e857F790568f196521c672a98d67C212,4897.5
0xe39cFF4c205877e79601c93F9AcC17700619bE8b,36318.65
0x567dd1427bCaF84D7eCA51Db7B75f5058C7172E1,32629.05
0x2b1F79Ac5Cdd748A5EF9b22615F0812f329D4d61,6845.25
0x3BDBcC455daE346c8E33788805d299BBdfddC9AC,200716.55
0xFc2Bb7DB8Ba13f382760BF7f4ABFF95ee41444e6,78246.7
0x0e3618eAa41ffAf76EA8dFA7745AAa868EfB2648,7331.0
0x3333266F31C92CDf726A915d0Beb18a9ECd0D05C,30801.0
0x01F85199F6B978e1b04069037152421158FEC677,18298.0
0x7AB832C03f99a2251998099a2B3B0378f36A8564,58752.75
0x2b01f1D6C5c527B3fE68f07Cacf4a11aaA811B5e,83296.9
0x398e9cf075e651800Ee7dA74c0B506BA484C0681,74986.85
0xFD96dE56f0A045Ae17d5D78C0249B4472895F15C,5847.5
0x9dF0e59Cf84769d65438AdFA7Dbe16463a93bc2D,10971.75
0x97A751d7f919D449B8271d5d5F189C2aD541eB8f,124612.9
0x08072d382462b0b0d24cAA177F02823Fd156fb19,28779.35
0x38457324577AF115A5a16413245A6605f0e43d8a,3302.85
0xeAc45409260c4BC17796860AD2d94B22cc7b482c,4152.7
0xdab82c03b3720244B732Fe12D64Dd6b7fF135b3b,12869.05
0xe4b3491D5E6650aa0470c1cdC1feB39A98D8a2a7,12265.6
0x2E92fb4F2bbfD3444eBDAe776B3dCF85fe69F26d,8379.75
0x8a637fC88b59ECaA0aB6E82C663760B15089547E,36076.75
0x7b4e41caD6e42b470BBB251A2BCb1971ab9301f4,157230.75
0x20d9223A169520921554c7410e3751D5c9b55466,26784.0
0x8a289bFeD11BAE42c79AE026D2b3BC5732285670,18859.7
0xfC3A4b7076B786Eaa9FcA5Bc1cD026bBb393F228,3330.7
0x2B82B4589fa37E3A18D5F67D317EFf7181374f5f,29197.95
0xc67cb6c17622DbcC00e0e076B34E9E8b130928D5,18799.8
0x99345A8091AC173F7954036C7BA04fE1b36E805d,25144.65
0x7c7Fe53281c97F7B657cD6b3839f8f3e4b33dA59,53325.2
0xe30A917b1D4570aACFF512d7207Eee0d23711eC6,8978.75
0xd23B7d2E03D5CC056c87c268EbfEa8F80265828e,124991.5
0x3309171643B574fc469F957358CC1875074DabE0,39691.0
0xc55b5ae77633a405641fa714F7d9b9541193891B,1860933.85
0xEDFe2EE66D98cE75EDF5f909D003b6aB1c11C863,50821.2
0xfb3bF1Dee578C091dAB81c3e1558f00694fB599F,40637.95
0x1bC003934Fc763b25f95b3F71fa4b806a306F2FB,52958.2
0xF57311C3D8f0A1aad0814355CF885c544562013d,40133.7
0x63F87c665De8Eb019D63828d81bEf0b3a800Bd76,484353.4
0x1C7608AA6795264452EE6FEF3D3c2eF327759E0f,123671.85
0x74954213eF097A2d64B7063c4BEA70aeF7e3f92b,5335.05
0xfA29DCce20888FaE560A843C8A186B26A5f5F888,34754.15
0x7345AaA0D0e4C4A46d921fA9323973956F2b7392,251570.45
0xe708f477141B55334Eef6dC9d5AF4eDC2D8896A9,43415.45
0x51d818605dF26fbab1b8e54E376f625D72fa086f,11690.95
0x02Fd08a28a748eCFed279A186Db8147006d17E0a,38848.25
0x297D9daA9821A5791228295dE6f20C30D93acD73,76041.4
0xe7B63c80C50B897e164c0810Dd050127D9B08996,2500.0
0xc6c3359e48c81e5F73C5aB3ed285f0344D21c6a6,56589.95
0x32A4b4C9A3551Afc400Dc144BfBdb4BAb0e40200,334554.5
0x755bCc1e56BDf7B81df505A5e933B9f6FAee8c98,73104.6
0x392cAfCc76a1D6850903BFdAfb4CC987EB78b7BC,131131.8
0xe21e38808D60A2811b607ec58c3ee3710f5D183f,48992.7
0xC284D394069F729F81EE0aDD950FE86DD057C712,59586.65
0xaE33313ffE1ED5626cf341e53BeceeDc0a6379BC,22668.05
0xb61cA545188EE45993E76eDdfE9Eee9fBc00DF2A,58961.9
0x628f03C3761B9F14fEb50419C3B0087C3A297070,39128.0
0x1bA535486bA45736e348cA047731bfa5D8c46cb0,25080.7
0x84822FDBc425cE3E02106e775e36002A20693BaC,65381.3
0x66A2b705A4429C3D526Ff5946acE1573eAC7eE85,58718.9
0xd295A37Ee6839575E10D345b9c85f30f2e67C6fa,7732.25
0xC8dA31A4aA92410C2dFA93257F3D9A8d3FD2C5C0,47331.25
0xe2015E809530253dD732bF0e4512fDfa76b5adD6,48654.05
0xD8C1fD4cBb0da4ab649bc045638c0e48558F3B9D,18500.65
0x0da4B319131449E00D7f8BeE3b6c2EeD715250c8,200000.0
0x2614142794D76769d61BCE43506251D7984B53e6,11797.7
0x44E6A686F623C06aC40aa8543d9baF438d3e65d3,10020.65
0xeaD182289A2a5D47323dd01F59EeF2937BB4D5d8,5624.65
0x01b2a78Bac9B0d856DF5c49E567B13619C009eb9,12223.65
0x0617B328E2463667F43008B9759A3EAAf7a427c3,14673.4
0xFde9838AD1BA0425c563a5A9C1917f4116aA3bFD,277698.75
0x1BB10FC139EA6d3FA9f7B07d14AA53aD1De259C0,83176.5
0x04924955123335707AB5DAB5b1F4bc00bA2DeBC2,98873.1
0x6CB2Ee224e0d7483c44bDb87B1FAE5c14859CC8A,10918.25
0x36687Ee2115cfD77bD945a2699dD7e1484c949B6,5192.1
0x014205272322015480Ff70b2cb20aF8351bc3daE,32186.45
0x96E02ce1dc43809Dd4248002da2084FD6a6EFa70,165000.0
0x79775aC1246B2C5F39c1140437b3035C1C5c1ea4,871678.65
0x996584E13E800E21Fad886E91Df4867CE81c6b28,9631.2
0xa3599245bB4eF1b892BCb385753D452D65cE00Be,9037.6
0xCfc150d05cc6888B0D79d0dE59Fa07CA6B3B39E8,76410.2
0xEfFAB7a380d35dbe67D3f036E02B40C92eA39184,699927.15
0x8356eDF3BfFc6cbE44fE0D0e97768c4d9F682535,64262.45
0x47eD2356D179E5AF6b902A7f417D422Dd0d333df,20266.3
0xc84bAb195A5e7897eF3bfddDe28b93A31f5De5EE,2745.45
0xE9aAA35BA0aDC7245fDfF0422148e93af23a0a42,489.25
0x1475555fAD4F2C47Bc14995F5439C2ff14ad1B33,500.0
0xf81232F5F6D96815cb80774E1A68A364B65685B9,38080.15
0x8FDE224ceF3c31Bdf587b1e1184F143622F3f956,2445.05
0xE84a8882B840684E185abB3180882Dd12EDdFc33,5000.0
0x440EdF180B9389ADB102E1285B572d47D057f736,28070.2
0xf2F755350046E325B6C24adD0518B16C7B25E49F,3672.35
0xC08BFA888432096D85AE4E7925369e2A1FC26531,14449.55
0x503844f85b71Cf1814Ae590542d7Ac435532125a,175493.55
0xc8a997B64638966A9d7682eb270DD22a005e85D6,12488.05
0x08181235E34c3D9241F979E58B5959EBd3ccE764,13196.65
0x85B5a8344a1724CD534328e4006BFD517DAeB503,1145.25
0xcF7aFFC8a2D9e852620834D4D05c65E4d6B9Bb28,122400.3
0xF0207F54A89b466b7622818829D2A21ddEAB6955,51913.1
0xc19e799be8C6A214237957b98336a60A00c2d000,30371.7
0x917Dd25b69092a7f4bB01647dfAf65aD269213aE,8314.9
0xb5d4B6a820eC9C6f2c6838Fe98eeb2477e0b12a4,16700.9
0xb957E4d564b5599737CD843bd9A5Befa73891304,5000.0
0xd95F9472b75fD87f981C4D8CcC4E90fE45ACaa6D,207327.3
0x48eAefAeE81e625B67b208B1dbA1F5F8D1014270,244.55
0x924AF228d4Ed9081e71c2690c5Eb61DAD3eaA8d6,48225.9
0x617C8D671e65142f793a7F2Bf7e9E56CB7163C9E,139402.25
0xBE4dc7d68c30c8018260E0aA2D471C747c5FaC1b,294879.8
0x343f3Bd2e86A160B9Cf35F8E946fCCa249BA572f,25867.8
0x4d4f446d3E719fd53c5dD35411E53Fb836A8Ea75,161552.3
0x6Df5F388DaCbce88a689e63895237354957c5709,93298.55
0x4D55A34db8D0B52Ae460b7612d8386d41ed02919,122689.7
0x8e819BA035624A6E0353EC331CE061d3B16E13Cc,43284.5
0x49BB394B9156d408098fc1437f513d57Db29a190,100000.0
0x2D9BC4Ddad1bb5e388D4903548aac25951289F37,53565.55
0x5D5cED08F4C09AAb95f1F6081708468423dfBc0C,86263.75
0xD6a8E1FE6b7492CC7d7A8DD13B0889652cAB6273,45303.55
0x8d6D353A42e1C6159C5b461ABB6E9E2f70e33398,4308.85
0x2F46139c5EE5Db041EeA56ba441505Cb6c253de8,281765.1
0x0C04b503D81E653d1376Fd116083BdF07c2afECC,13502.1
0x871bAa51fF215C395CCC33c88b472f830812F10e,142286.15
0x39F249E5A93E367aD80B0445B734150A76b84Fc6,7339.7
0xf08be03b05B2862eF103d2598FebD23dFbc1446E,917575.2
0x060E913063990028d04A6E4985e3Cc5364972B78,2666.45
0x21f6DdA89A01Aea2e8e046c33cc117088B5cA66c,8909.6
0xc9dB05e0ef0ed976724dcBF1778B22195e95d6d0,11501.6
0xa1F6A4357aa8f9c92A2fC40B3FA0227A4e9C77C6,23684.2
0xa4194AE0EaE24e6B6542297D75C4fad9B3A9168e,28137.1
0x6773E03f779968c86195154a751449D2e2C2ABEf,82914.25
0x7866e74d83edE36FC95eD0fb69129Ae7f0fd873B,50000.0
0x5417d139bef16C66B6407A065D4437A0C54326D8,25859.9
0xf16b8B4630bBf2662f030548864E6620a9eED748,67550.0
0x2940C7ad22087CBc28D07224473c01770D20f2d8,14980.55
0x07B5Cb7B87e23CC00dEeaC03fd8cB27eEb6a2404,7377.7
0x3fe00b5009070A5C9Fa025a80F573DF337D8C0cD,26642.55
0x618e568b2565ece7f8555d7403fFF4a860286182,25001.0
0x7C9c6a04342c11C827e87Ce116f06D22d50Aad1b,42405.8
0xB0F9AE0AE6c71148502fa151aeEB95A2b2018229,25006.05
0xF79e30487E5Ab6fe7928FCE4D3f8a1Dd2269E39f,242547.95
0x98BF601942Daf652E3ceE8196ddaed96ccC8A39C,2425.35
0xD8A80E8D1d8a556A968c671fa027AADD9097Ce2B,54667.5
0x83afDc64Fdc78A43b9097d0C00f10d737FF1657E,24026.5
0xb886B74Bcbf0D46CD2986F8Dc3c03e1480F0d447,29075.6
0x8dc444e208748cDD7E5564D744764437FEFBE8A7,240381.0
0xA6218Fa75C5a3fE0bd5856aC9C5234945701e080,509872.35
0xefc3188203225258fE5b941997786143613bb238,121559.95
0x20C13F267b76832B521713B6eEc06E4235189466,8793.4
0x7e719bFA8fAD1D10f98f77cE82b12E9E0303B5D5,25956.6
0xFe47001477FfD62bafE75530ee103f727036111e,27023.7
0xE839556508A35eBdA4841DBE87b7cC99323eE0bF,60839.0
0xc01125D6fCC9DCe1cC0859235358806c8b9FaB30,43810.85
0x6CA94644ec922E7548aE9b97b3529b32fD110cEC,41262.05
0x65Ef04510CFb465e420C4258594813993F8e6c20,0.05
0x50B4d83451A763d867Ad97aD88C57321d09Ba935,100025.0
0x07eaa539bA39086CA87F9d4d86bEaD1f5389C5b3,62201.35
0x84bC3240a48Bd08621219C5eA044bb458fffE188,5111.15
0x05e5349689db7FCcEDEc14cf915e3cfDe0AE080F,102716.45
0xd686EAa8804a759C129b0A44FF6C92a3b393093C,21067.2
0x9dE0D79093362192108Bb79e25a185e92b9Fcb27,5214.35
0xb541A9E68C8B27D781d390a134A34BEF56C75805,130345.65
0x1E6D25D6AF7c24faa8b5025d10C107F25541AdFb,200850.5
0xA54c42d0E203b540d9539abDA44BAf7792D6087E,230.0
0xe54F63E1bE7Bc2Bb48f773c0084e961b665A3A4F,10904.8
0x2D2aea873408Bd23c800f7463d0899B55283aF96,20940.65
0xf06342C6E50aa92a91F2D8a7355049bad031E720,29210.7
0xb8Df91F2A6A9c74F8D34C9C37d73C412dC279661,82641.95
0x5aE9429dF21871FA0994F6bCd2aB877BEbC4B938,85195.6
0xE954f5093BFb49f11416a4C5FD1ada08e1464553,43311.65
0xeb2c78771FF19092A924Fcf4F40368ee6Be46878,23729.45
0xa869ac4bE1fd13781ADcD88178dA475D8A9471BE,24109.25
0x330b829F909b01778D4d534b1bE03503ee4aA793,48696.85
0x122919543b99B943DD161382ce65F7Ac67fdd0D0,33318.1
0x5174d5edb10515eFb6E3eb1bb8d09133eFb631dA,13575.3
0xBac82590764eA9833cE592dc0C9CE2e361d2E21A,75326.75
0x597bDd3cb18042338652da07ddF6B01FcBCDEeF4,53553.65
0x31684210a23Cc204c1d72dCDCf440a0A89aba09e,3766.25
0x3292061a6E41e85142f489B2B108A570BbE0fCb8,83309.6
0xAFF5c519290158263b1f0153368861f2e2dE0281,14586.2
0xCe845B9d7cF7c85F184A53c15de990b3627CAF99,25301.6
0x31154Ba6A2158C1b370aA589AEdbb9A369B642BB,25000.0
0x124a715925d3dD1F1b49CB755949e7E56056cC6F,250009.55
0x5943CECFCEE78f6686BAc1B9E793295f2c52D52E,6146.95
0xAd5E5F5a65cAdAeA5BEdb305a7c8a7f90d3DE384,164454.3
0x86067fda7446734FCb7A9f7954aE71139C7376bB,249983.2
0x415B8977b2679B5926ABea1f0cb8129103767583,25000.0
0x0eA15173f9dd9274c3Cf63DCC3d3F6b3EDeEA4a2,150300.05
0x50Fe2C5c614e5dc32fa9BF439b9B7F8d5d62dD5b,108907.25
0x49246D41588F7aB03a284B0FC48f2c043C4AD59F,139051.9
0xc06cbDB1324171253D780eD21Ef340BABeD16008,245.0
0x82c19D247F9391f5749ccbb68f879192A72C78dA,10000.0
0x4744A0726BfdA74fE4cC311dF6fC21B863cCd4e9,352831.0
0x714B45b5c1a123329AFC6a76B10a86dE8Bd1cb60,41664.15
0x4dcbe711a93b3061f929DD6f7e810b2A505E0dC6,13481.9
0xAA00C6E081e4D4bf1D468D083dB4d9aB90e8947c,25000.7
0xB23aFB2688bd2b5672215e38CF525457EB8e880E,30139.75
0x1a081A10d65DbF7B6B615d911f09756717408619,20804.95
0xa2f05B533Ced4e90f419090eFfA4Ae2D1cdA5539,189412.9
0xEb146bdf294A5F121665992439aCB53E59689dB4,73518.4
0x5E60C2E46C31aFa9F671D6A17E8066C528bAAa34,33085.35
0x220061cbb448A2a6e19b9066DD814A3B920a1C99,100497.35
0x7ceDFFC78311Ca4b775363Ba29CE4e85ef62436A,18380.15
0x1a7785C5a553686df95eD256bfD12ADFAaCFae04,52270.45
0x7B8CD804385Dd590c43F5DfbD4Aa08Cd2eC0BC8C,46983.95
0xeB78e14dd3A5EDc22f65A0c0d252f29391BC8254,101454.8
0x811f5638E962457ad0d7A8c768356D656cBaFc55,50112.2
0x00A742336092B7bf5613701ac6e16e3ac47c0398,163761.8
0x6008FdFBf1A5E0Bd35eAeC5B9dBaE7Bb080286D4,10951.75
0x08fC384fB98CAA8f35438c6D6f80571F19DB867C,252809.2
0x59D1abc413BBEd434619eA6B3d1512A5Ddb04b63,44179.25
0x181CcE323bA6bCe28a4Db7E39643994F626B8F9c,50000.0
0x547Cbf1ca74F6F9983453b12316cE1E2E1CA42A4,1500.0
0xe7C0314e05f074F9bAce21Ff32e540836900d03c,1494.35
0x3C4a1E5B947Bd9E47bE1f3D373C3218f0C125A48,43903.55
0x9FcA815243dadb44E6BAd494583552c907617AB8,23866.0
0xe90c01d73FC95620641e75744833bbf3Ecbc82a6,33337.55
0xace6D65A254e7f8b4e339647aC3b85b80E0e3685,29593.45
0xD8958c33bdbCdA3E6BDC5CE6198AAB348EfB5dDD,120380.8
0xF2d8Ae3650a22C371B290779f1452928E87fc63a,54011.85
0x5EE9D2239d1E07845c1FB7eD680d1c4a2D374D9d,25777.55
0xBe812bF12CEd7c8D55310eE741B9342FB88ee829,125455.9
0xaCffbf1789cD560edD5Cd7C4923F2DffAb1a601F,67182.05
0x53E068D65C8674D6AbCff9A880afA2cB2B8862BB,83437.35
0xdbc1Ee4A7c3f7E6F572C13d9F1cC78971d5CaC01,6904.75
0x3CfB7beeC537271E19b0390b049fa66DA023DaB8,12517.95
0x48f73840849293b4Ac2Edd4558476E5b307cEB30,80998.85
0xb784b31B49B6e3F0d3d41D74F568f5d1BC55149e,52999.05
0xc0bB51496aBC197cad2E55dc8A2328aeB2E1a4b6,31997.7
0x2F78F84B3FFb596c4B1Ff318269db71F3cC27aAf,40452.75
0x5f9270b0A30B55f870304fcE99822976F67f3e45,22114.25
0x66fD63296A39Da06F1d3cFd9a2396dC83138864E,10000.0
0xe7a94b49F37d9Afdf2420aec28e3fA72E0Be83c9,294.9
0x12EcA8d8bC4C4Fe4c0BC9b72FF04c4E40b006043,1966.45
0x29F7d7304B161ecbb6adF80dc306fb2D65a6E68A,35461.05
0x5A6626f5F7d45997Ef456dE30b5e0F037F07d8f6,1721.45
0xe3aD51E37ee79bd3b8A691457709707c17a6B693,8832.55
0xe398197690fc06ac9ad6909869d4cdE1af887229,1230.55
0x897DF507dABc8d1e8Ad2Ef7240AAf7442aABE1b3,1476.55
0xf2Cb8e5Fe4C1B809D476Dae5bAB6E2A473F91c8f,29536.95
0x1304FC2D731850402d7a95B47D47363109987d00,82512.55
0x7682B580Dc8d1454C46d7aC452928FB3DA86F171,73838.5
0xafa48c190ef6586c0eFBC7adfcc97fD3ADFBa5BA,100917.8
0x2e87a8B02b89e97f5c01be263b598dEF8CdD0da2,4298.5
0xc71Bf40726bF6001Fecd5C2632756D07f837a9E5,1230.55
0x6B412dCa341C2A07E9Fd756168c3338F998CD647,12305.4
0xc27c7f45FB1C6443a3FF899d143644e4b4ec0781,156967.85
0xA99E1F67bD0Fc1685214d0525e30Df16E7c2Dd17,76250.0
0x1c41E4F485B8539ca2Bd83581C05C3408Daf5F24,15318.75
0x5Ca2451f5702e3193C8839F4c602Fe9C49381343,68887.45
0x7131973E1a8Caf7F3dF0c3F5dbCD7A1FC0aB901B,18764.55
0x6D291C52774C681Ea363469C71D4c50CDbC6d99a,24270.25
0x4b6f05BF6B52A3fb6B56d813f29d41ebC935aB9F,3576.5
0xC433f1005efFDB86C9b884D72CA6EB4547786d4a,32419.2
0xE5B1F61E8b86D1E3380256897AC00337F7386079,12795.7
0x218159573bd646f4afb22dE8a07786CAefce0581,48750.0
0x59C312f9dED438E3D91d54a47053e197E25A570A,84161.8
0xE0353a4435E18dFcaA41aBC61Bc36C8400cD96D2,7013.15
0xf90a0d9F7E4B171a960e16D6BE023C2aB2A6006e,73815.6
0xE2E4151CE69655a2FD958bd4A226370Ac04CFC09,7378.4
0xC0C7Df0D0006B0DC8B006D2dEFaa41D826315f78,131388.65
0xe707DAaDee78f0aCb4544E829459affe3ec0A9D9,9690.45
0x5F866f5048614852fd45fB8860138D9f8c9dF846,15005.0
0x126310cbC88Ff8bDD802DadcEC23AE0De1E8126b,16235.5
0x8985a37F3CE9b028856322E30E8CadE7837eD67e,338144.55
0x253F3fD8300f69696e81E1FEa0fAC0328158BFaf,150023.55
0xFbaf3EE5AdF9665A7D994D3a4c0Db7147d1D6d0f,5659.25
0xD6d08AbF587C8C999C1d24A1e53A72b1Fd045854,13284.85
0x24206BBd15cFdA68AE19C4AD2d5a55882f2Aa007,101339.95
0xff44B8C001133f7a1BeB78a926eC9c0779191474,81684.4
0xF4f38e2D7dA5251D75887bCC0E94F31Faf9a5Fdf,70493.2
0x4337A17039164955D22E127c74A936A0d367Ebf1,39908.85
0xbEA561AcbDa0f274bd23C0321B08bd549213E05E,205714.5
0x4A07F715Cf0dF74cF3cf09CF4D72a9D2251769e6,1647.65
0x2cde23637af5fE5E98eb35A044fc67a15Db8dAf4,200425.6
0x2f19fE2AE3cCB371122e3D00C2739F3FEDD2a5c8,37907.55
0xdb82B7B3F218bdAb706d9DaeC2a89621e3b4b021,14777.25
0xeD62B4185Ad2845768a1C1169b0B588Def4B28B3,35897.1
0x0f087fc9946E741D148234165BF245793744768E,25000.0
0x794f72461D23d1af91C6E9bD8Eaa16d8180dF369,130.55
0x4Bad70798F6206c3548dE63819f542C93369331a,51671.45
0x965eD33F6F7577fb1438bfda5997cFdBc36743dc,12303.1
0x90B70e3E43a643fB88369F3F8A4ec1580FEC193D,14759.4
0x88A4789B425438fc3E2C444e2086b618219FcC36,145599.05
0xA80564759baa4503E090FE255346af236d160B07,2509.5
0x7E1E94De0555Ae70Dfa561289A5c643E56f41C8A,24282.5
0x43B48506d347E98Dab79C0688Fd729f2F5f788dC,8980.05
0x1d911980b54338a5d7580eEe87cA1AEF11c35E21,6889.6
0xD872e14426Fc0f7fD48ba6a459c961FAaB7CEC9c,14762.4
0x3495B3C9719d7e9685C2Da370EfcE3fE5F4C3698,52330.1
0xe21f6e2a7be943350AFBDf0ab7cc6caf5c2Dc2F6,107476.65
0x1e5F87689b5C08A62177553FcB51ac949dB8B045,37789.15
0xfa4604d5F93996F1C81FCc89BbdA7C788a916016,161521.5
0xD514057323c1A487d5Ac4551838F62Fadf352ef2,27041.65
0x9d9644a33d32543db25857daB23400a215B6C781,75000.0
0x5ed978645E3F026a806E33Ca251291d2DB79A39a,51628.4
0xD2ed1aCCD68A7f27441ED0bce5e931873B50932C,79736.0
0xF1c1b450eb9E44897f5d673b3a44F60B857E6a62,33157.6
0x6Ce1f6649280DACcB3bF6fdC850C9A42C9061212,2500.55
0xA427663B53A36418f44E19244E2A32cA77E25CcA,1000.0
0x74516637F8F2Ba9D3C3090571F85Ee4e9fE5D044,62999.45
0xc2502A3C1B3d0C0b98D6f8f29B130610bC8DbBEE,21050.0
0x3849757DC274a3e8a15B9Cd3a66796cd68E827b5,50417.25
0x642908158AC8A3AC4420B502eced948CdfF153d3,102530.4
0x4007DBa60E03e56FB7d1AF2e6E67C6Ed49e219F5,174660.25
0x75d555C86FC2c8695469651b2dFB16Ef324e5b68,76685.25
0x995561ef2eAb95983291Feb698B005A10Ada5848,2510.35
0x55d8F3B5518d53165E6617452916aA53726699A4,257658.9
0xCC3Ce2a19BCCD37C3e01058225aAC9B9fC08F507,12300.65
0x91248544011F60A2eE0A46B8732B908baB5CC492,9841.95
0xf376e41Ea8DC1ec9B5dFCb016965Cbc1d61FE842,50095.35
0xFD6a61F52bC1CFA87ff950FaeF2fA27E2d14718e,17217.7
0x8159E82d7A439c5453CD3406792d9617ab45FDB6,6150.0
0x19f4edfF04BD394539a2a9ba72690bf5eA800300,20144.0
0x4243Ae80BEadf01B61601e39bC2b9676C7346862,50000.0
0xfc9Ff439ae2A784e70B657cDd9631c8F3352c1cA,17854.35
0x445D7d165dB4914733078BDef2206b103070F4f8,10017.75
0x3BBD46e06E7D83dA5a6A01eca5D4C27249909182,73460.0
0x22C344d1BC4074351bF2bbf62Ad179a5C9024Ea7,27995.0
0xdce507085c47C89C4019D961eDD30404FfCd21de,15317.55
0x3D18846e1c6b5F8C78B4A3c58C02369F3eE9f94c,27169.4
0xD6810d26a8e1570f3134C89209885b0ec617DDbF,31366.8
0x7c34e23fBBd8e540184a940473D0cD6df70Bf9b2,9949.75
0x94be8913B412864f3394884b8a60005CFA9CF551,12500.0
0xEE4735012E4d795327baE8F3F7C9B0323AbB8e64,42289.35
0x0D5294950629c226A6166b14719170996eeABdEd,12436.75
0x75d99eE2EdA6aa7375D955aa0f70EceF7cA66DFf,89133.65
0xac6BCF3037c15cCB3ac7e5463F57ab8dF4d8AfE6,5026.1
0x11588584e7D3217aE8905883D97188d43DB21F83,50000.0
0xC115f959B97d73c6BC05612E669FDe9Ed4B02021,24890.75
0xd1Ea5BE7D42502bC646CB0c848399643D1E32DE5,368768.45
0xcC2b0cf6346b3A2E83c9931B0402E023925e52b6,4979.0
0x0305B92213EbA253c8D3Fe82267F55c86cE377b3,8213.7
0x2499C6A8419CF8BE3305f55fb204C942C363a695,34199.75
0xE0EF267e60F4b41E097116d9fE73553FbA60850F,12741.3
0x1355B1e68A62de8Dd4CFE8f7B55367df827e3879,10420.85
0xD8Ef8f539A95816bBd5Ee93979b85260E00Bc2b2,17197.15
0xffD88E8F7A1a336505ae10C7104b0485088486fd,1889.1
0xa298D284e8E0884b82aF390b73D4cbdAa41a589c,2770.75
0x3026A3889F27627A921E5075D4dd0310e214B347,38007.1
0xC0E3cd88a68Fc964Ff9cDBf68270E3bBE629B0e8,1735.3
0x91ae291718023A4695874AF3FccA8808788fF3eE,24661.25
0x8Ba266794599240852370417D340Ea3e436a9AF3,250000.0
0x7E6cF4F0A32178edB70165A10bc74EbD77478889,55634.7
0xC3758A3a851C3B1DB26e59798E6807411E111520,17651.2
0x005752FF387FdbE5365bBE75E1Dcb66e462f22cf,167216.8
0x21A7CE03Fb3cB1b4A6624E469af6Fd84a861daF0,10652.95
0x3868bAd749270d0FedD0123bA84E20bA0B193196,25203.2
0xBc25c3F77728Ec52D1BD7f9449Bde9d98056968a,100000.0
0x1FE6167f5894d05e789FCCB2d37823642a7b95bE,5000.0
0x49f9f0082FD1A5fAdaB4B2fA9355BFDe8dab00F2,33333.3
0xe2E31F8954a8AdbA337e11D4Dd4C8Ffba9b28DC3,163945.7
0x5DD0Ca3124Ccd4Cdd2904780f327cB886c320122,37245.3
0x16aBAAFF951638ba1D4a384a7F33beE9BACa6544,1265086.45
0x629c3f766e7FE93b7f989e73F95FbC795a1fC7f7,66500.0
0xb0603DEE01AB4Fe5666a8927144D403Cb2B5F0f2,75687.3
0x75571b8c28Ca686Ab9485a379Db50C88a2551Cf6,69217.25
0x4ecA99816b6F6D8bCf9bE65ef855e4A667E4F8Bd,117901.3
0xDba871E1CbDE7550b45fAe0dF875AE54643D9aA2,9595.95
0xa34283A0737096527A3F7320155678aB8baD7B04,16871.6
0xEA346053846fC87d05658B4D1d7B46ef1E100F62,3580.15
0x5218E209A103d1D5b1Ee9B88429924aD911eA68c,21609.1
0x388da490403aa7a6a06CE0a08Adc024D9A11b367,20660.9
0xeEfaC82A66FC8Fe5ADC1D2636D4A7357689E4822,50000.0
0xfB5a96759354DC482C7FCbDE2951c438D7f3700B,37262.2
0x4aB6d9C9C6b06D0100DCb87B909F1C5E853ccae9,16910.0
0x922cf0a5265C2107c17308d3961Bc34D9b344464,8196.75
0xEbAD8d5E48e88795cD3C124D740BEcC37a8109E4,46806.3
0x5c2309D8764BBAFC6039DCaB17CEC09630dA4792,53843.75
0x565125d831C275dB13aA5CDd275865c2D9125c9e,23520.7
0x0ace47480f43E198a3E5A53ec317De97E09837b2,50785.55
0xdF27Da60690645d3e2dAEd437C1A4adA89Bf013a,5232.9
0x399077125e2a12689092A87513BD062075f0EcF6,7500.0
0x1ffc6CAb85D0F07881a456348Ac922E6BCc68d8b,4473.75
0xFb5864F1029672E75a2F405Df68A1656cbf0dD1E,75000.0
0x65A26B4B27ccCA2A0eb00187aBC3F2A82Ead471b,250.0
0xfd2f5B9E4a25d162559bd5693C37212229Cb2e68,74620.45
0xf7e2772974555863907C07dED27F0A50f554E50b,25000.0
0xf0759A9830d0917F4e3384BcB113861b8Ace144F,25671.65
0x6e53c9AE4582F4563aE179730fc443b1E78aA720,1020.4
0x29Ae5F4cD5cd278b5be855668B35c25e2F3C2cB1,80288.05
0xA307b2f84E5c886e513F5a14507ef925f0Dd796b,55072.65
0xcBf038bFCEC3E331f9E08B96F733f2B1164Bd97D,9694.4
0x943558B1087dfA56274e2332aaeA00581da9E9F8,298691.65
0xC1410220dB2E1B4C6Bcd4e44ECc35A6d5793FF68,213232.45
0xa1Da49355544F0290132b2E57555F4f5254Ca01D,8318.8
0x72554723c132b4A9dCD5c1B5cD29bb7f7089966b,7533.4
0x9DF4BAF50DE0caAf8732C019387e78D804D5B15b,22855.15
0xCda6C9a10a9b03685e56c9355Bed0DD6b12b9e21,153224.0
0xeb89E407c77d52c49F9D01709B0352206bD148D1,60318.8
0x07b296e96d0B548086F0604B0F44Bd25A6F5ca98,103717.2
0x6CA6f4C91fE9218A944cc0529fD3e1c2feDf4af6,15193.7
0x8cab2b764f4EB6093994169f1558A0B7F51614E4,79792.15
0x56801bF497f88CC2a7c9a39D0FAeaf02a325D61c,3955.0
0x9910C79cA54B48Ba19e4b6B096Dc827CC5882D9D,8870.9
0xaD9777Ac64ffa33Bba477F416f2Fe9b722249275,47900.85
0x5234166862820c41c845fE70DBfb7b840B3C5921,10000.0
0xe5bd5c4a12F668E402a789177209993A546f06dF,125000.0
0xB635b59d521bEcD6F441cdF60D9c928e2795A85a,4141.55
0x7C4afcD33705E72bf68E7F9722E900a36EB87Ca8,45410.8
0xd93435a2C4aa3194F9619c5554719cB5C1d9CB2d,30314.0
0xa3CfA855b98e15b2De420Ae07334467c5538A9F6,60630.4
0xFf382ad3aFc178770e5C2Fe8c62861B5215c36D5,106051.9
0x67602269e7524A2c6A6c36e1c897dA9510BFA177,116178.45
0x19Bcf594115315B9BD6ff66461950A901A47b9d2,16611.45
0xc28906eBB2a2FC1866B4972c26968746192153AC,50087.9
0x9c476884Df2c87D7Da30E138D38B0486B81f9090,25026.8
0x7B1A470026A1584e2f0d09716Ed63B54D040a6cB,254076.6
0x76a196850AAEc141d94Adb1c6D95A5cDFF6b5107,43707.3
0x2a798e7608888fE445a507bD37Afd84e30341DfB,7377.25
0xB760d9Dbc1b02f648C3e0188dC4D3Ac243d2D67a,25444.75
0x7F7E81E8F8DfcDBaD192dc2c50cAfD5fc4D5A808,71254.0
0xBDD507f5989011bcf12D65B37cc65C62077b4736,251831.55
0x299230c87DBa63a04436f67F85C7B06A04BE0ba0,22911.6
0xbd26ec76245891007aec58e484db3F5f0337c44C,9161.4
0x1BB027474654033E147cD749F269Ac818c00A256,2799.65
0x67e42d4209c559cCC7f626763732A07B57F17633,18168.3
0xe298ada2317643c984f3Ed3373d1eDcBe3CF4587,7681.65
0x3998101826dfd4A44C9EbAB116Ca7AE78e2fb654,50624.6
0x1E32B6C70FAf5B81457E2c8E71853125c7AF77bC,25000.0
0x0d6B3B0Ea3b3b340C986c94F13B0De2dFe96B453,20248.9
0x98c065429Cf1C10913a5b93B984339ce37FFeDd9,2339.7
0xaEEfC9257912356E81C4fCFfDe1663a19eCD7315,17948.5
0x0620f9A68b94D6767A08a2B35d250e535a423fEb,30879.65
0xb7155787F06B7e4ae430F933a9C7bEC01f8E3d11,2273.75
0x8068f4e9de2D9c9Df0bbb9F2Cef10205E04567FF,25000.0
0x0ADee8B595308FD2fcB7a99F293790953aBCa793,23716.25
0x068255463a30a7706091C44200Ff2D1EF89B5a33,375914.25
0xAf1e553C9B455aB00266fD191BE92EeaC410f1cd,86714.65
0x34B53b9830b1cdaAbEb79F5E728D0DD0cb296582,75760.7
0xA112E1ab940a0031626AfE99938fd41e03005Ae0,520610.55
0xf236721F3A62869D3eb1b24310E6f9B5E29BaF7c,209917.7
0x78D40f61066737ad0601107af4d2e6c4eb15908e,2528.9
0x4DCd37fD9520e18b478258ac1AbFB3BC8DB60672,25000.0
0x41e2aD9D1C40213cBdDAb9317Ace1A9C08864AD9,3799.25
0xE70cAeF5BFD54F7dE9B7CB081ecd9906140d4fE7,6217.4
0x4e6B3C6e1895866a4beA172cC06cBaF84a2991A2,5685.05
0xf3801a18874825C71dA6E6d5798a7eb143b589a1,290264.1
0xe83A387cBFe21f7C2ff0852C1bE01E5b5cd5D423,254359.25
0xa540Ea63C7A0bfceb69d0f77ddE0724c3238674c,55335.2
0x5769fdce83f224a9a6E5768385A5c2353dF0e8c7,7627.4
0xAf71F76D9abb8Fc01564dc0c07915A44275EB488,16810.35
0x1f9EFd50ABc420433a10964d38458A50FFa7b873,51198.65
0xf0Ea114Bb7494A8488Abf89d69192CdD2C16b138,3815.55
0x080fbF5A526BF438ab26CB2d9256f156Eef96D3F,7375.75
0x5C776D9a90c4601fc678cff861c66c768e3F58c3,831215.8
0x50BC5966d2d0D7Ed89AE79ef5e2F68aCE5FBA97f,2288.6
0x09fB2f0A41A11d5E59D6556B7D21a6f9E18E3469,79715.9
0x7Fd2ECCB1AE5D3b75d4fD03a09848aC6BC1c4191,100031.3
0x42DEF979Cb5d36A947a1362FDa749c1aA1798D6D,4371.1
0x0f6f8d32E1bC42c3A6170A6A1fa05F6d9210A0E2,3582.95
0x0f13BC9aF3B3c2F238E9373AA1445C6c7D1f7680,11181.8
0x1832CF3056bfcc216C3a5c2489E6d91723D9042d,127071.9
0x0c43BC3425562BeF721d59c118B63e291B2246fC,63096.45
0x64d560D47b6DB9437C2926B3A45ef20424B043cf,17049.0
0x2e2EC562f893E8cE063b10305d1640E21Db0e8C5,48992.25
0x79F7cc53EcC4D1F1aabB46EBa45A0A6396dCBD0f,177740.55
0x58cD49210A74f2551C9F1c7856141a6E06Ba09F1,8943.75
0x808e277869548815826f4c80d71c12d5D5D57712,5152.7
0xdE839FdF7c2D1fa2Ef00E46E38bB1B121F7A994c,7662.85
0xA0B37dDdfFC323E80cc0b4A3CbB1C73719796b55,10231.9
0xe6A83B76Bf5c5fA01D1bea2abfdC2d28Ade5307a,2302.5
0xB5731bD11fBE03EE1E2C9B9e1D660b97947ae38B,204682.15
0x0cB7327D91fce68f0D6b7f5e0EeF53C61FFfb4A7,250716.4
0xDa703A67e7cEE7d57d8D52F888612870E3c3f901,100824.55
0x89C159c868825972261807E2b10c7d44b4c55dfB,23072.75
0xde26D510F55B19Fc4985e1BCa5c9b0035A00b0a2,85116.0
0xDD9B42252dCBfEEa823a0569684b69f14994622d,83033.95
0xD00f362EDC4147C34FBFec42A2C7ED47983d761A,39655.2
0x8c69c8Ab6B913257238daCffbA0FD2723BBcA63a,45739.0
0x49FD50294C448Cb11D1d0B4520F6BD77D5926096,256952.45
0x477D4386aB693cf379Eabf7D32F35B2eB9d7529b,82905.65
0x98c080a7A8be06a6c03b164E02D0d89095182816,1010.9
0x6E006f503b378dc0D8f05172b015A01fDe036bb5,23415.35
0x29a8074170123c3B0ac7Dd1172488D81E3198648,260173.65
0x8C6807A51b2854101ade75a4CC42cdd0A61A4998,10323.9
0x00AE8Cbb50dc9Ef7D5f56E28c6CDA2f4A2180a32,69687.65
0xAB44f88660AE60E827D51d902E6A146F8405AAad,10324.8
0x8f685659a685951D7D5C94D3cbF7A00f97171032,255094.4
0x3939D56c5F328a4f601C9aEB4640558ed4E16E41,74839.8
0xeAAA73A8fD16844777d32585411E3d9115329d3e,68992.15
0xe5e43d2e8fbB409eFa186DD2048E460f6E273401,20000.0
0xC1CC1FEEF5c65e9Dc65244d9cC09Bb204bdbd723,20039.7
0xB109902012Bbcb6124c5C0aBB73318264B034E0E,25150.55
0xc9AF65Ac70C0379C5aD83d15B714eeeCF9461909,25805.95
0x29D45D7D68753713F55a157723954aBf0149E8e6,59530.7
0x4b3807E77560ac967Ae1Fe7bb3F6be5aD1F14a43,23717.75
0x93EC897AFa5A463A1277b68f689B2362d869df00,25800.7
0x9747465BEcfDAE752bC3eBFeFB6383c9d09536Fb,663.05
0x4eed775C07F567AFEdBf9Ce0051f2f5c34165b83,26450.4
0x25BBB083273E5d662E44659897B1f8EB6D5F2Cf8,9208.45
0xcac871699E6f84Ebbac28eC7Ce7f5bE82f72ef97,5739.0
0xBf6d7266D2b72D851b8309C1cecA24D48E0D0837,26539.2
0x337e032e2af95a6DB5E3F9AE998CD61f8f03a758,1160.8
0xd49EcB59291071b1f731CD5a298e11c83b3287A4,18079.6
0x74F8010532496B9b82BC31D0076De9858445Ad62,63564.35
0xb25108216352962FeA8700D52c0B1473C0f3Eb2f,50997.6
0xA47b0A3Fd39B2FAF12272695b4e23c5419cA88f0,210265.55
0x7abd017421A40aAf08586fFacbA7e4f4e7656388,851.2
0x27dd1eBa2625BF11dd2Ca5cA62A9bFE77CFccf95,10835.7
0x4Ec267d71dD4D28A610216E387eFB6B14aa9D10F,24292.4
0xD65458713A7ad36E3F9b73EB2fC1Fd6222526676,2250.0
0xc7fb818a5E1FB4a7553A2CB4BA08418394DB3406,165400.2
0x322a974096C027748a1847B82ed5BfBfF88087BF,12922.45
0x62c464E71e61a9Bab112Da06415Ebe1ECB860B4E,51690.3
0xC6F4D7fcE4F7A760ee87F90D3d097448454D93e3,25820.6
0xF8d84CbeD9c964031879a6195e3Fc5b838b9E7e2,76016.75
0x4Cf62C2B5508A4DA0972b7C18Cd2fe31361372C8,61655.4
0xdA162327969FEdb21857b797950a62657a1d9737,12379.35
0x461ea5C4b176BE553acd1ABaB83Fdc36CE560016,248208.95
0x4165B9C922d3e8f28ecdd5a6B1cE936E918BE25f,2597.3
0xeA1ed98DE27f1c8359e71Be07fe452D210b23D9a,5813.65
0x9eaC5689A938486CdE8EEb81cf8A2E779F04fB2a,4156.05
0x1ee593cF0C8cb4F7AC06E69DD0Aa5b2C22Be6d13,10385.85
0x8D3dDa1ff262dddfc969d301bce282Ad630a6b38,5193.65
0x479297f6cA00a552d77E79f7530d2216AB31Ec52,8335.35
0x5a3a4bdD1ba7231926cB6a9c3c99Bf50F546552D,259700.35
0x4A33e162C04fBd24567b66Ae923C896517Fd7c74,26204.0
0x404859E9434d451586A5C3CaB9a61e442546375f,15000.0
0x5f2A2F4E0c14f7936bA9068217E13F406a5cf7A1,12431.25
0x95E06Dc970bDFa69B377299Fe17d711eEC0C2816,12212.3
0xCAfacEaDb79546c9d540821E97C185F90A1A5dE3,2590.9
0xdA95FE00cBEdcBE886389Be96c82B16BCa57ca61,194296.0
0x7cb3CE56357C4470AC98D4a2ec4af0dA64AC34d0,25896.1
0xbA716048bd7c1F281d8DF8211DFE96cA4c2d2F47,250459.05
0xBe37b9e95AA78F78101124dea74EA30e86cdfD3f,10351.0
0x6c4B8EdFD9Dc2531E2D3112c855317F1Fa3DA7C6,5535.2
0xA825ea3b56f7992373422926c80084E5F2538601,25859.1
0xa1aD8E8111BF740084aFC2747Ee14fbE1E1561Ed,25854.95
0x8EE00c1bDf81e17843409212b869f55b333Dc17f,50514.6
0x1a9c29a702bc64A5231cb6D5CCEA93c7C494B69d,48205.25
0xF0a213dE38d47D2c0001A26F69b1CCDB4Db15010,55294.7
0x0e0255375625e3E10fBf7683c238d98Fb1975182,8228.0
0x50C6EAF95e315d435E016F07C6D7252A9D3C6fB2,1033583.55
0x146A513050383eDE1f401C0655E6663E3fBf79C9,7286.7
0x2361bB47f6D8fBbB54Ad124dEb5178472f192E4D,24159.55
0xdD9557757240e1253460B264fEC9319b6d13161E,7516.95
0x2de0A2e6FdED1b4BB4c4f2cB24388d0638A7014C,77487.0
0x94491e54dc22de75D84009dF313ba4f62Bc81524,7947.2
0xE274d15a1668c3FCae3cA5b206FdCA7bb808A2f9,8037.95
0x877B9F1a74737e9bB38f7bE4124cBD7d53A6ce40,30977.35
0x4a788E4153403D8f00A5C2960bB3aC99927c496E,77441.9
0x560D536666a5f4c8b8B2f214234dc2FBe3789f69,206960.05
0x8857Ea49d6a1Cd5Ea74443186F0A52F322B17f07,100479.25
0x60083411d9F5fa98EFB6D33D7001656F00d1cC4C,6451.9
0x5B51B768f83127F3c4Ab918ebA44558928beb519,20660.7
0xD645ABAeFd5b25f6bE1911D7961E0274d712B44E,25827.4
0xD9DE3e3d9F94e9FEA2e0c1892fE6e48b6CD56b61,85224.25
0xeC4a3477769EAd8dF8Fa5336d2d699574b621f43,4646.0
0x058913cD438a8692c20C6aE2f33C5fF6d0515E4B,5667.45
0x1eae6bbbc5127A4A84a36470ead5E0b7918Fa5C1,8269.4
0x4DC401cBC4634aE1581e89d34dfe94158D3813f4,4715.45
0xf362F25b77cC0269aAFcd90A29C21616DEe9d264,84901.4
0xB35B7933Df7C72f485E02dC91d7605F189f2615B,100338.0
0x3EE76DC853CD052AC8b8FCf20a2817c7447Bd361,8796.15
0x6e6B96cCfB2970bd8C0C8D844f18e3DaD7bAcFfA,5512.05
0x4EbDC5292B62E792afc581194A07F0885BbE71E1,2882.6
0xc6399e2322A74b651421FABfE7d602da45385bAD,125364.95
0x31105664A39E14ED6535E09651c54c064b23a8b0,17488.6
0xB5c752d59A81A48Ce0883C13e96A74f5b20501a5,1500.0
0xAAEFf476432FB977Ccd33c79aa723e218DED3752,24198.6
0xB828EdE61d53e70E25Db268eE571c0480F01CB1D,514.85
0x07F334c5e1416E13d4F7A71CC2611Cb5aC3a2760,49004.3
0x2245A1e4Bcf9F9eA3d03650145a239797f2602fB,193073.1
0xc2e68644e12a69e0310b572F9dFC2a603A7eae1C,51687.35
0x193a3805df313640eB2d0969cf9809B113696f9a,51491.75
0x5a04f936Fe3CA669a70223FA1037B56d16554142,368198.7
0xee42D06ff821Ce21A766f2300fc26b1AEAd83487,162207.8
0xF29BfDEc1a3598b7d8d7fe27cBBb0423BE199ef1,12874.05
0x08E727aAE1bB1fC04d6AFAEf1B6b983A0c57B0Cd,26450.2
0xc55F97C1e78B16545f05851880bBEf8625aF3ecb,249334.35
0x9BFF6a653483aB55fb527f4DDf0D59CF3e991D0E,20889.25
0x614101E6d49a5AE3E1Def62422C3A7c2Cf1c9475,33203.1
0x63250e66b7792C7b78005F4939203B9683a4A498,257909.25
0xBAed03099C342d311579eA26378aD5a07a081A54,9000.0
0x39b0397F8fEeDc70fBfE4676aC2dEdbBa6678387,50000.0
0x91890c2DB672AdC351a45850e5Afa7B70581929C,9625.75
0xC9B8Adac2548078bCB53C53D9C6dCbE18Cdc75aa,515.1
0x74516ba9496A3791b5CAc6E4B58838EF3F9eCbd6,12500.0
0xF95aaE303A622b4AdCA046dC4118C787089D3675,2750.0
0xe529efD46F57d5A9087f7908b860F4C2a54aA3B4,386982.5
0x3EeF61f288AE9Fc32F924E97BD3a9f98BC44A494,515857.3
0x97f236bBAfA578d00741Df778B1e666b318eF409,264325.85
0xc92356c38a0C6BB8A9d4485020186E33f6De5646,113359.5
0xdD814142463fd0A9A1cB35c21BcA254609EA447E,79576.0
0xcea15aA74f01EFE69116a6F8E6f2392Eba855909,8296.45
0x968d425D6b19ae71E56EA2CedCd6C53745B8F5C0,2500.0
0x487A84c8B9Ae0F077203bCF4450374aA9B838d7a,11594.3
0x1057Fb82C03Ec09483bb5ab4d04d8a6fdb1429eb,23397.65
0xA3317039D30a71ea3eD85b70faDed673f0776f31,40456.0
0x095DbF7D01f61d7a2b0DC8f07968fD3396309942,6917.75
0x71F0Fb43ad55D0e2ca34CB83492359469eeF3438,151925.9
0xF86BF9B5c21A8c5DD8076D3661C74b7c62fbC885,4980.6
0xCDe1d9Cf0A345147947063407E9670C6A00605Cb,50209.0
0x2Ef28eDE6D86701B27e1913C81222b92DaA890b3,2523.4
0xd09Eb515B922664859E544C5843Ed6aea3DA396c,3619.0
0x6437838B11FEf8b30899687306Ef885eB51E0F5e,5000.0
0x7cE1Da8Af4f7F7779CFbe961EC680f740D604132,1211.0
0xfd4d97597A57dE168F12988B12bCE1532f6a01A3,50000.0
0x305288d1f39Cc48EF9644C7CAD71A6779A3375C3,5159.45
0xaE518512174E744616E1CeF9fd5593B73Dc56946,10406.1
0x853049FFC8f90C67A10708E9A48B69959b385BDD,12833.35
0xBD0Ca42Fbc65C7e67220eC99C075697ef0a82C3E,34344.85
0xfbEBDF13ba32835662d6d33D84a2bd1F52985439,128922.65
0x7747C6A94dd3839533E71ecE3aeD4F45123eC63f,17293.7
0x9276DA6488BBE1C70A1E931f279FAe2835913CE3,20000.0
0x9c9644DEaC6A84249eE6d027BcFd8Ea45aF97F8d,56475.15
0xE146E3f21dac52AB6CFf51d05A32F4fe23a7E7f5,26134.4
0xF32E7A3C7d9b7745fBd3d5f9cb4690D6b342f5D8,31437.45
0xF92D17c0bdA0F6cca5e1d5e07874a8D25810D1ae,150000.55
0xCe1320ca406c8c4A32669b1Fad04C42baDd0dF04,41522.4
0x69B7B17115ee3548eede87e806479cB08A9B5570,12621.25
0x954CABCcE596337C1D4e400F84d026a13e773659,7232.95
0xfA942474dE8310593DAC46729BF8439e11cf10e9,27177.3
0xFE79c66A81554D6b54b37a8a15c967289e71131F,97500.0
0xdCB4271948309e4417B786367cdDa5B93b910768,255950.7
0xD7e68eA0DE4bc307fd0978EC8e7c01087312D00f,28514.25
0x263b79BdAd47613eCaA8De369c283899d2220b16,100000.0
0xedFDad2B3009BDBF6D3947a705123d44A75a5496,15000.0
0xB200154E98558051FDC71Ea7b7402ED9574D5f1f,250025.05
0xE102A3dbfA7973BF8e06836128F82F72E64Da134,771.7
0xA82Bb645Cd31eb373963134224493C63C298bC72,25023.3
0xF89389eF73cf6dCeA9466Dd8382da5Ac518ca590,37495.1
0xdB359552c9Cb4C2ea3DcdEeE011baC1295a1aD4b,95238.1
0x7CC9Fd9c6890Ba187227c049bB01B99566787B8A,74625.45
0x2CC1BfDA6A779c9AB103Ec2F9640bcdc2B741570,5908.15
0x278c4d8D839729C92eD9e52A276Ace9bD807eeBD,154.35
0x3907cC4A8A04f44b9376e3ddFC7dBad82ef98152,156534.4
0x705F982f685620744a01EEf28543003e735355C3,11509.45
0xF5D44780A384c3D8aEe0021960722d9285fc38e3,85863.65
0xBd732d79A91aA7C8625647dC93c8F1385BA84fdf,191106.95
0x12A5dE9E42E045ACF05Dae18c75FE890CedE4f11,27571.3
0x791B79DB3844062c1A3BD3245173B90165DA3462,25716.55
0x7b3D527faC0971c84E342469def712f13Ce363c2,8012.25
0x52e7A455f0CCd0C47B066D5D9aac6B3Aa3Ad5004,1080.05
0xa06690C1cABc84B621e3934aeC3C7290AF18029C,13000.0
0xaB27E97d0e249164dC205455D7f688Cf5A8C6026,82265.9
0xbF8eF4976F28170Cd2650860d6CE9e648faFE470,6171.8
0xd6658685B62076a0fDD9b9BfFf50C468de1b7707,254306.8
0x749fa8ECcBd55D201c6F9aD2B5D3473793251Dbb,12716.85
0x09aEC27850eA800Cc929c166D826677d3016F43E,14879.85
0x509907afa62aD668bc8A2d6C60822dE3367e0c71,231954.3
0x82F717a96D1bDD0Bf11923b0466FF5b975aD7319,124938.4
0x8EBbcc44Bc4FD6C259D38133EB7116D6f6065aaA,60036.15
0xed99F0d3E937E4A832557fFD141484654c22901C,6173.8
0x194DCe33785936Bc59382Aa67C8e9F76d5e34ebd,1270.75
0xEED279B07F4fe0D9f2F4780BE8DcC320A8E3B93a,6750.0
0x625B04Ae2c75F675855a6A4989B0175cfC75013b,8867.95
0x9a83B3CE0C0f71c84C79d7dD591761CcCEFFa7D6,25187.35
0x36685efD7A56DBeb61B94bb8b641eAC1b4BfbE38,22657.8
0x36fA4a7Bad322e329d305b588C091a407a65e79c,1773.15
0xff2c246f3C5335f1e2c1D7BA936003e23Cc8C973,36313.3
0xFDA4cC9d43AE824a168192f998a85b8dAE8Efe49,1518.65
0x082C7C1068c0C44C152929679151604fC86A5aD8,2201.75
0xfA92F6A938A0A16C18D9c48d88E266AE33c5aEce,961.8
0xa92F618A54C76f554969D0ADC3c0B8867f389aad,52955.45
0x455F1B7e02C2FAc4aD325759cBCA7881Cd0ED24F,3000.0
0xCf5b56FD45327d16d1e15440106f162e174eD749,82885.8
0x2c43e2c9c28a1527320C2D0F7b4516D10Aa19497,20306.95
0xD1a2564CD6582d417C321894aF610Fc86C0bc67a,8078.4
0x2c0ad75954d5084F11c7e5E17D9A5DD48293cF94,29138.7
0x30Fe7100f24C595be5AA9e3918B99BA3D8Fa20c3,223279.4
0x1749D209fcB7d4313Ac8671F812A6033Af569A87,10161.75
0x5dAba2D1a643F0e9EF8Cc60b642bEf9fd2d1E79A,2540.4
0x6bD34e1aCA30C9592353be6B21393B4bbc9E8c18,9432.85
0x344cB9F3B2EFb8B596970801193C34E86d3c4966,15851.65
0xDb9CFe41b98730b440f675Fd6dF08ffbF8662cf7,20248.3
0x14CA02D430bae574FaDECaA3D25DdCBbB1046d6F,12964.5
0xf09C90d97E94e15D96014Bdd1c51FdBeCee211B6,6359.7
0x4EFAf9f63824Ac93056A88e4287E3C0C79e2f4cF,22912.75
0xa566126B13a0B70C04d6737373fD38ba5A5CDdb3,25554.2
0x2C054588153113b3f77576ec85435531D892D04c,1272.95
0x2D0032E3aCbF0f43E6E035E8D4b521AD2Aa69D80,636.45
0xB8317b1209eA09Db7C989136D982fDc86A20Bd06,2545.15
0xDC1eB07b781810BC23189F67bE48Ff178c83F979,66101.75
0xBb8C381cEA5620F2a03Cd1D0F2dA3eae3F544a05,1546.6
0xE231Af522cEB25FE4064d696265298DA1061dA18,20377.1
0x112284C04Dd22C87A0DcDbdB1Ff86d4Fb28C75F3,9499.85
0xA22F4daB60fB06AD1a0619670A5edA7FE9744901,9249.55
0xb266E8b348eac1270C692a06679382FB1444596B,40586.95
0x9EE561C451BA8760208412fB4FCB864c72643161,48278.1
0x8Dd067567e84a69E7B53e22B8C5d83E0FF4D13fD,230000.0
0xd610873101650C35a87762600829237b5926bE5d,4067.3
0xD5e2dE0f76198Bbf39d3e27331c0684aafFA6003,208473.35
0xdeB0992ec90a15F235d03C737bF2Db03D7ADF4EE,31023.7
0x1b34b558180864a52969ABD357a2Bf1fefE3D0d5,10752.25
0x69077724D49BD25D2eb6D63094B61A66cab5e799,6609.25
0x0a6a64662B7F217C94f165a62aa4D41D99a7c002,508224.75
0xcf7e7E2c9d227309c0fF3b8e6D757A97Fd4Eb992,25413.65
0x6601273BFAF16d5F73919B19c5aA39eC4822d7cF,4206.25
0x665339da4304fB0f8ff5EF4477f525c9ca6325Be,2539.35
0xd80C5e6f5d739Dc71987526ccD256E1Fa07BA06a,14983.75
0xcc177da64666911cE45686698BBC7ad3959CB224,251752.65
0x1D4F6Db4F786da09823804C6858fca5AB426025E,253937.25
0xf747F5bd50A27A3164cdAa3Fba793D467862bd50,43651.95
0x049481e8B02332eF914f711625Daf7dF18ecB513,253942.25
0x6b892F4940e7DD1fA0007D644db04A3173F7d0f6,47550.0
0xA84d0720DbD13d4e1D577a91f3A6E787bF4b5ada,46210.5
0xb8977BCea1e01ec3BDa0d414525EAADb741bcce2,12694.4
0x498E1c41bCF4120A168925797f63103A8237B9f6,39237.15
0xa7206283073dD7C2420C2A1Bfd02cAc8Ce79E9Cb,76023.4
0xC9B0A31d8572DD0c77D9831480fCbe22eFf23514,161476.05
0x32Bc26e114371bd9bEf83bab681d809BB459E3a4,101277.0
0x4404FE8D9b1A23096F2F0521F43cF8cF01B3496c,45000.0
0x0067f279d18b96Bf97db82Fc3888EB6180C493AA,11178.55
0x4b3a8403565e8D33E22073569c5c1574dDf0334f,35690.3
0x308dEcf2F5104bd686B54884c6e216584d640142,5081.0
0xbe2A90c5E01F47418c511A8F4b9591E1d2E814A2,50803.3
0x6Af74E20b3CeB9baf44A0f49d343C5c210ac0A0a,38739.55
0x4f25e5Dc03923837e7C02DC6AD2787fD60792aBD,5081.8
0x0AB505799521e12B1688fB3a330468f675109CA4,37500.0
0x58a9d1B614e56F51fbF542D4f872D6d4D4a761d8,12744.95
0x99552e1ef687638d34c8Bc247e9c011C372Fa783,11219.35
0x87904e49BbD82CD8ba97811b888068Ecee05E03f,214766.25
0x1F4dc89448A5e922F3dBFa634679be241C4cdbD3,35000.0
0xEE381c8D107E13b504c87024940356fBdAAB748b,255025.1
0xf804D8437C6d4e30BF027d7585e769e45290dCeC,24352.05
0x68bdc01C8A5277c3e53E969be7CAC63DC4c975C2,66464.45
0x10CE6820Ea1C501CD54185Ee49AAe25A1Fd69C2d,243818.0
0x009ab74a2c2445cd5b0e8A6150D08DA02818731e,25503.55
0x2635C6eeB87e0968509f5b7b0b77A59ECf2AE9f6,1762.4
0xa279c803d6C693C85FD5340e89954280300b7579,8918.1
0x4Ce0fbc18f83Cd2356f32AE621D62a9A630Bd5Dc,101909.3
0xae328e95Ab3f3d7F804004eBFfBa755222FdDAd6,39869.9
0x7f5c074CB5e98979d53B9501a9329cba64879CF3,3311.75
0xc37cDFd51EA3001F09AF0A784FEeC5518Fd6df4A,124835.35
0x05ace9a99daEEBB2B5994523B275fa8DC96C4578,22926.85
0x215930088FAd188c7148Cd16c835969dBe0F1a95,3077.0
0xE7868b53c96bdf2790624B1396948945cB8FDCE9,25000.0
0x64692A1D2735b568894C5523D542B670F9510463,15327.15
0x2a45e40842075D9b0cbC553C75985e98f944b37B,50000.0
0xE736bf7F8Fc9B69A5F24B4ba600Ab026CbCB8002,84692.0
0x99e4F3A6E1b0b3b82eaD873fEc8B36a2A1Da303e,7187.6
0x6D8B5Ab0216a8B285afd3811468B18fBb79852d2,82319.5
0x5508048F6ea2422baD57514eC042e549eD13a4A6,6425.8
0xD5A048cFa381C51e6078aBba8e9DDbAd5f9Ac017,18222.2
0x06809B0c600d11B7Bac8B5e66D1bF4Dd47497a5b,4730.3
0xf09b70fF8a7d6992B488404d8a5b9DD5ecAC835a,16500.0
0xFb2dD1bCc3927b8fdcC476565d58e80BBB107e9A,1822.15
0x23b231c41C09e9553A9C0e035C2e6F52141Eda9b,10656.4
0xe76c619F5D9438827D0696775a8B8351A7d4aBF9,41141.45
0xcdd128d74a91411c71705fE4909b8a0173A8348F,2587.5
0x812E446dC478E4793E5783e92eef271bC47C456f,253782.7
0x13Dc99372dd79F0034571a6915E8D420d0198d85,16900.7
0xbA621DdECCC7475A05b0B21d894b5895C0F0F74e,13358.05
0xa301462AdE1dEdB2e68eD78eC8dE4B4736abc31D,38755.4
0xc78f230d85308ed48025CEDCa968BD5f3F2a686F,10334.75
0xC0375162bC24779f3c0E3d421Bb8dCB52e8ba702,82136.0
0x534f5a3527E96e27e328d973Fb450542982a19a2,279304.25
0xc63F3D048717c6faf4248D8c63a073101d78DdA7,38849.3
0xD18De7Bd7181D5927ad73Af87B79bB8D8eA87201,50275.35
0x350Adf50E74eAAa0eD328BC1efD56C61C2206B3c,7750.45
0x7642D905b5D77A66646C556c912B60108133e4b1,125000.0
0x74F63122D72D657ACbeCf20Ee8A875811cBE0047,78734.5
0xe339F4A773BF57219780B60b40cFDe23DF2b4145,7256.2
0x7bF305605D4f5ea1584EEdBFB170A30DfDC4a43C,1567.1
0x69Ec01F95bf5f6f0aA31CF67C59A0a9035f03721,340762.0
0xd0ece51f4b4fB7B3f74403c5A92E905c12181802,50000.0
0xf993621A18D452f85EEfd17aF756Bcced024a5C4,13121.95
0xb5F0Ea4d448067C0C6e85d60E3F62F382A8Aa4D4,7877.95
0xb23625314e8f6Cc949C6a0ea52F646f30A42D43E,600.0
0x1b59bD8387909eEA49991D004b008087BA3e0D83,41968.75
0xA0c0B8c73d27F2F24F108a703206F240Aa48161D,54565.85
0x16cC024fcFCFFd8F9FE7dd82754D27464950De3a,23613.5
0x1ddF2876524fc3ed855537F92948FeEDC941d3D1,25976.95
0x6534FaeE9eAD1a78d6d238C7d0172F204beA9f2d,7991.1
0x40EEB2Ba14b3A1179D0fee71Dc53f54740bBd89A,331270.5
0x1C76Fb6d29EcF160Dcb8D1d9c38c9368281bdE83,1965.0
0x418942E4dF5317CB82FCA14FB78f42Aa0E105BcD,25000.0
0xC8D7CACf9E41DCaE49d1850a237be0e47e325Cb2,40561.3
0xEc812521b7Ad940752e6D77a60B007f5DD1c8c92,13716.35
0x74f60FC2C908E3cA0782064163a033eA0c9094eb,30819.15
0xcc2dBa708722617a82bf3F3f1Dc03428E3A0e801,304562.95
0x062B661E2D178Da581073A40A369eF817FF381f6,40690.9
0x650929E4d09e2b07ef919f26E9cf87b44a1268f1,30647.75
0xB0355ac385efD571C764753bB0C4bFDC750619bd,26250.0
0xd6B74C26A3Fd94f8891D9BdD1B9f9A21FD43bC51,31984.7
0x89717AfC2ACB5b2aA0E9AE59e59af506Cd5b8e15,102214.75
0xceD9DA956777Ea89e0796285E9f69B10d96557DB,10483.65
0xeB9fDB7Ba13E9c90312b9987f769a163079592a0,23594.35
0x97E357dA60c06920Ea15032Ea9496045c3d2A1c3,25000.0
0xE62041CE02fba46053f64cC67D26634f6D386713,26215.8
0x9E2B1CbFFa19B9D674075396ED48b102deAD2bC7,25000.0
0x7439Eb65400B30Bf25AE11CcAd6FEEad89bFA25e,28833.75
0xe43F6E705A41181F342Fbcc4f7D00a2Abf77bF32,4999.65
0xa23321c1E60b3f68284e30c2F463114696EB7616,20500.0
0x70e6Dc356Bb4f66858e1EAAdFFadd5F084C9a3ad,51137.2
0xf015348fA5B9303c87A18C84Ee0a3e7f388Ce691,1311.1
0xFeB5756e786F1c018834e86E97c8314be637b674,31222.5
0x967055Bd17fCA6961973D51Bff77B434fD91B1c0,75391.1
0x93DeF2a12E406A96dc98cfE16cc1F5A22eAdDEB0,4905.0
0xBa40bC5CbB8170E3271E82c9886F3523C86a51f4,87344.7
0xd9a0611591c0B14EE4eF989c89eE14964163Aa4D,47217.35
0x5EEc3625eDb566F2A0F728e1c926d6328D964e50,1705.05
0x86f5376aE1b48079a69676b1148E917BcdAf78a0,11017.15
0xDBdd040c310FAb91Fa67f1A0D4338AA1C16687E9,42500.0
0x15B6d44c38f0f7fEdd24692E73B6B7f5818AC1bc,15092.1
0xc527b37B0222cEB2Cd27eA0144EFEBa0844c9cAD,17565.7
0x9DdC02d01b937B625836330586A38a3c598E815c,8654.05
0x844Dc157bC9c66A470DA858DeEd334529161c9aE,13100.65
0x89d83faf4237970314C0CC0f929F431D14fA5c46,3405.9
0xd782053D663E85FBAad5174dB8D92EeC2AeC3A12,8646.15
0x1a31F9A8bbf064D534973567c7839cf00ee52Dca,6023.1
0xb0653d9B013457f72FfF2bb0F62e6E7Fe90673bB,14138.05
0xB5Aad527D7fF94030FcFa63254c96D28182edF26,10086.75
0xeA8A39142f02C80a118e8998C947bC7937cB9bED,8116.55
0x196702a113A8120fE0c16B8b134b3d62f1E8be79,78567.9
0x8509fE346377747dccE75cA0852Db7eB7078246C,20170.65
0x2D65dCF48fFC0E8CF6BA0A9F33df61Ccf19B6D13,10000.0
0x50d753507d3cbe1504DB5d77dc9651c38a087127,6250.0
0xd8F634F884864FB5360B7de6F659B85529E85500,28576.65
0x2239F3319d37e949ef10f4946cDED5F73Cf225BA,185127.4
0x1f16E715CD5f7a4a12bFC3C09F78cE7ddE6a74f7,4500.0
0x3fd733a2FC22f602ac7a4839516E7fD0241cc45a,131034.7
0x3B53B604ed350d4cBd5deD431c20FA74e10C3F61,20966.0
0x39D928175944BA742B68BdF20d1ADf71215a3742,3669.05
0x6a7abbD3CB747c19BF881c2E6c8c50cDE189Fd8C,81251.45
0x3D86387087b8D82D9297CA11FD008C2D8018aF2c,10477.35
0x0631F3DB88519BF5B8928500b2fBebBF86aD6043,15000.0
0x4d64D03C1F082d0F027ECaDA0B426036f6666515,82829.7
0x96d03bB9bE8eaE6C14D0499c053e43EcC94A4323,10000.0
0x1E5d1d00b91B30ed7e9913173054e73F7224eAf3,280645.0
0x412B8A3CE39E56e094A8693F23CA6218871D6110,31580.7
0xA8677a35Ff12D5AD0935caFac1cC2448047e8bA6,20880.8
0xc0E282e771D938Ea90DC53E215495E2b0a1BB7FB,5214.55
0x839aA7D514d3eD17a9579BB2473174B18956De0A,78301.3
0x06F48E0408878183e379EaD6FF4Cf6C8E0044701,10441.35
0x33b5b9ADa3A502170E2DC461bc40f24EdD9b9597,261043.7
0x4D7435AcB42154973bC706601B3A30D1980bc50e,125000.0
0x1fe48430A43dbB167794A9bdB5Bc50E071c02C35,1500.0
0xD8C8FDBA82C7A29c26760a695344Eea4904C3dfA,62892.75
0xfb37766ee5B795d642E7830f85bbe07c507a5642,523643.55
0x66e495d9e4476c9Eb216005b28c487c08133C77e,7568.9
0xbb173a81e6D95754cFfC627934F6c9A6b1b84bE3,83190.7
0x5586EA96e9dd711b4ab8BEd11e19C35b0030F0fD,7823.55
0x6d2029aD193B62ff9eC5bF37b209E1BBc095Af4c,13572.55
0xc442805Cbfc8F86E95cb35E08Dc6a9E0d751EEfe,4092.3
0x15Cb38Fa6d54b32d3838D7A565c48ED4B45394d3,18107.75
0xEb111eA832124cA0b518f77bbe20c44E48E700f6,1091014.1
0x78745706750204f8ebC7D405ACB7F9e9b75a96B7,14664.7
0x5F7Be05a0f605A4C13ee66a64f6D519E56C0821a,45000.0
0xED18917c4af09Be7817e7798C33F0Db46bab2d62,11817.55
0x243500F27EC9aDb6f5D2Bcc40388aE870697D703,39017.1
0xCB0C00dC059780c3D0a00Fcb9461395470Cef595,131376.5
0x06EE468Ac6af5EdaA4DddCAAc1890F026c4a3298,26002.35
0x04182Eb50c466CD5F70478C129864Aaa1a93E92A,50000.0
0xe2774d81ADea6d1610D5e2dA2DD84e9CcFD404c6,158003.95
0xBE70D02f757b4Ffb44733e40F22B5072cacDf861,3818.9
0x3EF211Fab0396BD2C38159B24fe698982973043c,23704.55
0xb9c69F73eDA43660B5f3Db8393A381685A44fE93,72449.85
0xAB410F667D17530d41c54FdA6c6880481EC83735,3500.0
0xD793EB365574554C7Fb6469204AB7D3fB8a752AF,60619.65
0x7145E1f54Ae68Fce034ABB1234f9142D7AB230F9,39836.7
0xB942fB95ce5E8D729d856Ba24C37Df69B754C526,100066.35
0xE51EaF8a1aF93a9586C83F2067B8CFB70862Ca8a,35553.6
0x547e3e134Fd52F653684e32157A2AB433aeebfc4,44597.8
0x3e601402AC8f690d71f99608cEc7D6eA93d65c1c,6721.15
0x6385728D1dd018de6a08487f9122e361B5595251,6500.0
0xFA621cE131a5d9563B01c1E15deD80bf7011CAC8,221437.9
0xA8d0b3A240d994B5437F95288964Ac936Ccd84ed,11155.4
0x724ADDE6C79ae5cd7AB740f52B35aADD6b1a7702,269091.9
0xbd5b21700042C275C07e53F1a0c2df9D15C434B7,1680.95
0x5D2f8cEC3e86AfEc07C8B6B49e72f78fBD99b022,11388.55
0x65730b54d3F73118AC62Ff575Eeb956190178B7A,11479.35
0x6716bF47b6B358B116Be87CDA40CE6374d62d9f2,508331.4
0xCdE06446BBbFfbaff05A3a0aB54b501CC5ca45a1,10000.0
0xA04da5B3a772aAB151f7976a7a61395EC8c00362,263563.6
0x864f7cc6166A17467f996CF52F3Fb4b942A5F97D,23727.75
0x50D539F60821C0Df7DC3776e1C0E52917754923d,15820.2
0x54442dc3027E7E696dee41885Ce786204B8aB890,38748.9
0xEE0CafC30523D81B0CB205530e454D30510556e4,39530.2
0x80db68836BcFE6e7B4632D02485E58a9071e54eE,281927.2
0x163d15639502bB8f91d38E090682BCE27c61fDc9,2500.0
0x797C665cCEebe920d7de18a31079348B8F23FB94,659092.75
0x419582756F72b621c709Ae75dB485E9f0Ad94b7b,7645.95
0x4Fec6Db0C1a1fcff23E8Eef9BDA217E3208e4722,263647.55
0x9CEf06077Eb706ca1a98e617E6aD59f9fdfa3E96,7910.15
0xeDfCCB87089f79caD6FCF7321079A6F5424D02a4,5950.35
0x0e4e004f3e8E5347e581089b23d32DB7e5eE1a9B,10400.0
0xF0436fbB9E23E0b43C0c0F75c3929e2fA49b5cbf,50093.0
0x88C107d16410B3D73014Fd07A1e4EcFFdBc44A74,17312.15
0xeFBA316a410c4fB2bEE50B24530ED66236576de2,5272.85
0x35D2088c9B1897496d118Fec4f201C49232eB8C4,10545.7
0xaF59B2A727e5A0b4d29D5e80d82765C457b6bb70,26365.45
0xd4907CB46Af531D87B708175170d82A1c667674c,75000.0
0x3649b90653C9daf3bCc23dde01bd9F54aa463604,12115.5
0x6E4F8BE7CDE9065fe4fbe2f4935f377215A9e3d4,6347.25
0x7dF4E23228818D32F103cf49091f7F4a9783410E,42592.55
0xD2Fc4424563884256e809c0F4604BfDC67D2fF52,48939.1
0x041C7cEBb28a92487B127b4DcB1957086E67fF45,125194.75
0x6ce8F7E1b79BFb62a0318DB972edAC33C621f5f8,396844.05
0xfAD39B0c8143592CEf59ED4E1E64Df263A012f2c,1500.0
0x2CbE09d6669aa17bcfd6D60953668f2876055A7b,33221.65
0x436099CFb777030e36d5F16D83d973dA4c4B6D74,200000.0
0x5a51a3D3d5EeB74c19534e798D60BEDAa893cE91,7512.65
0x36c75758161a1BD786cC3D02086C138586df15EA,2646.95
0xc701Bd908bf4a14e12734f60B451Ec2c99eB0f0A,25000.0
0xC93CF3770Cb8eE895e46288B187fc57faCf3fD4f,25005.0
0x862d6722e7eCFc43893D257E40B8a6A794B2Daaf,40469.0
0x7998d6f5f0b9d99495975d2d45ac9045466e77FC,50182.4
0xA52d27F6E4DA04D8d7c5717892715A48604686AF,2393.9
0x8ce7298fC4dA092383A2048d702625269DD78544,4195.5
0xC202A7371dBDBF01C7d350Bc270F1b0668e753C9,2638.1
0x2EF498892392551dE3571deb78c7ded0eBc7aC3A,12103.7
0x73284f809F22394934154f75f0C63808dda8b3fd,35347.0
0x603FFB0203BaE493E15f83b05Fa89Ac8c56855Ab,11648.35
0xa9794FC507554bD46d7Ea3883bD5316b56cda1D6,46218.15
0x97faa7768eF1cC61d83bf6aFCAAb79DE6a1D5F91,71221.0
0x7F96351E9Cd98Bad3Fc5339eC38903A489B60843,123976.85
0x3c81E94A76723F63d9816309E1E7e91cFF20DEd3,10962.85
